{"entities":{"pages":{"Mail-Network":{"id":"Mail-Network","title":"Mail Network","url":"mail-network.html","level":0,"pages":["Setup-MN","Installing-MN"],"tabIndex":0},"Setup-MN":{"id":"Setup-MN","title":"Setup","url":"setup-mn.html","level":1,"parentId":"Mail-Network","tabIndex":0},"Installing-MN":{"id":"Installing-MN","title":"Installing","url":"installing-mn.html","level":1,"parentId":"Mail-Network","tabIndex":1},"Default-topic":{"id":"Default-topic","title":"Networked Payments","url":"default-topic.html","level":0,"pages":["Installing"],"tabIndex":1},"Installing":{"id":"Installing","title":"Installing","url":"installing.html","level":1,"parentId":"Default-topic","tabIndex":0},"Contact":{"id":"Contact","title":"Contact","url":"contact.html","level":0,"tabIndex":2}}},"topLevelIds":["Mail-Network","Default-topic","Contact"]}